{"stats":{"minecraft:killed_by":{"minecraft:zombie_villager":1,"minecraft:skeleton":1},"minecraft:crafted":{"minecraft:oak_planks":24,"minecraft:crafting_table":1,"minecraft:stick":12,"minecraft:wooden_pickaxe":1,"minecraft:stone_pickaxe":1,"minecraft:wooden_axe":1,"minecraft:stone_sword":1,"minecraft:stone_axe":1},"minecraft:picked_up":{"minecraft:wooden_axe":1,"minecraft:stick":3,"minecraft:raw_iron":4,"minecraft:crafting_table":3,"minecraft:wooden_pickaxe":1,"minecraft:oak_log":6,"minecraft:stone_sword":1,"minecraft:bone":1,"minecraft:stone_axe":1,"minecraft:granite":2,"minecraft:stone_pickaxe":1,"minecraft:oak_planks":4,"minecraft:coal":26,"minecraft:cobblestone":38,"minecraft:egg":2},"minecraft:mined":{"minecraft:iron_ore":2,"minecraft:crafting_table":2,"minecraft:granite":1,"minecraft:oak_log":6,"minecraft:coal_ore":13,"minecraft:stone":23,"minecraft:oak_leaves":3},"minecraft:custom":{"minecraft:time_since_rest":736,"minecraft:sprint_one_cm":39691,"minecraft:damage_taken":570,"minecraft:walk_one_cm":9917,"minecraft:mob_kills":1,"minecraft:damage_dealt":497,"minecraft:interact_with_crafting_table":3,"minecraft:swim_one_cm":736,"minecraft:fly_one_cm":18756,"minecraft:crouch_one_cm":193,"minecraft:play_time":22296,"minecraft:deaths":2,"minecraft:sneak_time":261,"minecraft:walk_under_water_one_cm":761,"minecraft:jump":105,"minecraft:leave_game":1,"minecraft:time_since_death":699,"minecraft:walk_on_water_one_cm":1295,"minecraft:total_world_time":22296,"minecraft:fall_one_cm":3504},"minecraft:used":{"minecraft:wooden_axe":1,"minecraft:stone_sword":5,"minecraft:stone_pickaxe":34,"minecraft:oak_planks":4,"minecraft:wooden_pickaxe":5,"minecraft:stone_axe":4,"minecraft:crafting_table":2,"minecraft:egg":2},"minecraft:killed":{"minecraft:skeleton":1}},"DataVersion":3955}