{"stats":{"minecraft:crafted":{"minecraft:oak_planks":56,"minecraft:crafting_table":1,"minecraft:stick":12,"minecraft:iron_ingot":2,"minecraft:wooden_pickaxe":1,"minecraft:stone_pickaxe":1,"minecraft:wooden_axe":1,"minecraft:furnace":1,"minecraft:white_bed":1,"minecraft:torch":4,"minecraft:stone_axe":1,"minecraft:air":0,"minecraft:cooked_mutton":8},"minecraft:picked_up":{"minecraft:raw_iron":2,"minecraft:crafting_table":3,"minecraft:leather":10,"minecraft:oak_log":22,"minecraft:white_bed":1,"minecraft:dirt":1,"minecraft:wheat_seeds":1,"minecraft:orange_tulip":1,"minecraft:beef":17,"minecraft:mutton":10,"minecraft:coal":14,"minecraft:white_wool":8,"minecraft:cobblestone":29},"minecraft:used":{"minecraft:cooked_mutton":3,"minecraft:wooden_axe":7,"minecraft:stone_pickaxe":38,"minecraft:wooden_pickaxe":7,"minecraft:stone_axe":35,"minecraft:torch":4,"minecraft:cobblestone":5,"minecraft:crafting_table":3,"minecraft:furnace":1,"minecraft:white_bed":1},"minecraft:custom":{"minecraft:time_since_rest":4856,"minecraft:interact_with_furnace":7,"minecraft:sprint_one_cm":48528,"minecraft:walk_one_cm":24505,"minecraft:mob_kills":16,"minecraft:damage_dealt":1370,"minecraft:interact_with_crafting_table":4,"minecraft:fly_one_cm":100547,"minecraft:crouch_one_cm":1014,"minecraft:play_time":14041,"tombstone:undead_killed":1,"minecraft:sneak_time":419,"minecraft:jump":381,"minecraft:time_since_death":14041,"minecraft:sleep_in_bed":1,"minecraft:total_world_time":14041,"minecraft:fall_one_cm":9730},"minecraft:mined":{"minecraft:white_bed":1,"minecraft:iron_ore":2,"minecraft:orange_tulip":1,"minecraft:crafting_table":3,"minecraft:grass":8,"minecraft:grass_block":1,"minecraft:oak_log":22,"minecraft:coal_ore":14,"minecraft:tall_grass":2,"minecraft:stone":29},"minecraft:killed":{"minecraft:sheep":8,"minecraft:zombie":1,"minecraft:cow":7}},"DataVersion":3465}