{"stats":{"minecraft:crafted":{"minecraft:cooked_beef":4,"minecraft:oak_planks":56,"minecraft:crafting_table":1,"minecraft:stick":12,"minecraft:iron_ingot":2,"minecraft:wooden_pickaxe":1,"minecraft:stone_pickaxe":1,"minecraft:wooden_axe":1,"minecraft:furnace":1,"minecraft:white_bed":1,"minecraft:torch":4,"minecraft:campfire":1,"minecraft:stone_axe":1,"minecraft:air":0,"minecraft:cooked_mutton":8},"minecraft:picked_up":{"minecraft:raw_iron":2,"minecraft:crafting_table":3,"minecraft:cooked_beef":4,"minecraft:leather":10,"minecraft:oak_log":22,"minecraft:white_bed":1,"minecraft:dirt":1,"minecraft:cooked_mutton":2,"minecraft:wheat_seeds":1,"minecraft:orange_tulip":1,"minecraft:beef":17,"minecraft:mutton":10,"minecraft:coal":14,"minecraft:white_wool":8,"minecraft:cobblestone":29,"minecraft:furnace":1},"minecraft:dropped":{"minecraft:orange_tulip":1},"minecraft:used":{"minecraft:cooked_mutton":3,"minecraft:wooden_axe":7,"minecraft:stone_pickaxe":39,"man:manfromthefogback_spawn_egg":1,"minecraft:wooden_pickaxe":7,"minecraft:stone_axe":37,"minecraft:torch":4,"man:manfromthefog_spawn_egg":1,"minecraft:cobblestone":5,"minecraft:crafting_table":4,"minecraft:furnace":2,"minecraft:campfire":1,"minecraft:white_bed":1},"minecraft:custom":{"minecraft:time_since_rest":16856,"minecraft:interact_with_furnace":11,"minecraft:sprint_one_cm":49967,"minecraft:walk_one_cm":29473,"minecraft:mob_kills":18,"minecraft:drop":1,"minecraft:damage_dealt":1570,"minecraft:interact_with_crafting_table":10,"minecraft:fly_one_cm":124215,"minecraft:interact_with_campfire":6,"minecraft:crouch_one_cm":1161,"minecraft:play_time":26041,"tombstone:undead_killed":1,"minecraft:sneak_time":503,"minecraft:jump":540,"minecraft:time_since_death":26041,"minecraft:sleep_in_bed":1,"minecraft:total_world_time":26041,"minecraft:fall_one_cm":10357},"minecraft:mined":{"minecraft:white_bed":1,"minecraft:furnace":1,"minecraft:iron_ore":2,"minecraft:orange_tulip":1,"minecraft:crafting_table":3,"minecraft:grass":8,"minecraft:grass_block":1,"minecraft:oak_log":22,"minecraft:coal_ore":14,"minecraft:tall_grass":2,"minecraft:stone":29},"minecraft:killed":{"minecraft:sheep":8,"minecraft:zombie":1,"man:manfromthefogback":1,"man:manfromthefog":1,"minecraft:cow":7}},"DataVersion":3465}