{"stats":{"minecraft:killed_by":{"minecraft:skeleton":1},"minecraft:crafted":{"minecraft:oak_planks":24,"minecraft:crafting_table":1,"minecraft:stick":12,"minecraft:wooden_pickaxe":1,"minecraft:stone_pickaxe":1,"minecraft:wooden_axe":1,"minecraft:stone_sword":1,"minecraft:stone_axe":1},"minecraft:picked_up":{"minecraft:crafting_table":2,"minecraft:raw_iron":2,"minecraft:oak_log":6,"minecraft:granite":1,"minecraft:coal":13,"minecraft:cobblestone":23,"minecraft:egg":1},"minecraft:mined":{"minecraft:iron_ore":2,"minecraft:crafting_table":2,"minecraft:granite":1,"minecraft:oak_log":6,"minecraft:coal_ore":13,"minecraft:stone":23},"minecraft:custom":{"minecraft:time_since_rest":1467,"minecraft:sprint_one_cm":20017,"minecraft:damage_taken":240,"minecraft:walk_one_cm":3805,"minecraft:damage_dealt":100,"minecraft:swim_one_cm":736,"minecraft:interact_with_crafting_table":3,"minecraft:fly_one_cm":8431,"minecraft:crouch_one_cm":123,"minecraft:play_time":13826,"minecraft:deaths":1,"minecraft:sneak_time":105,"minecraft:walk_under_water_one_cm":761,"minecraft:jump":51,"minecraft:leave_game":1,"minecraft:time_since_death":0,"minecraft:walk_on_water_one_cm":1295,"minecraft:total_world_time":13826,"minecraft:fall_one_cm":1109},"minecraft:used":{"minecraft:wooden_axe":1,"minecraft:stone_sword":2,"minecraft:stone_pickaxe":34,"minecraft:oak_planks":4,"minecraft:wooden_pickaxe":5,"minecraft:stone_axe":1,"minecraft:crafting_table":2,"minecraft:egg":1}},"DataVersion":3955}