{"stats":{"minecraft:crafted":{"minecraft:crafting_table":1,"minecraft:oak_planks":24,"minecraft:stick":8},"minecraft:picked_up":{"minecraft:oak_log":6},"minecraft:mined":{"minecraft:oak_log":6},"minecraft:custom":{"minecraft:jump":11,"minecraft:time_since_rest":3985,"minecraft:sprint_one_cm":3075,"minecraft:play_time":3985,"minecraft:time_since_death":3985,"minecraft:walk_one_cm":688,"minecraft:sneak_time":8,"minecraft:total_world_time":3985,"minecraft:fall_one_cm":211,"minecraft:fly_one_cm":1902}},"DataVersion":3955}