{"stats":{"minecraft:crafted":{"minecraft:cooked_beef":4,"minecraft:oak_planks":56,"minecraft:crafting_table":1,"minecraft:wooden_pickaxe":1,"minecraft:furnace":1,"minecraft:campfire":1,"minecraft:stone_axe":1,"minecraft:cooked_mutton":8,"minecraft:air":0,"minecraft:stick":12,"minecraft:iron_ingot":2,"minecraft:stone_pickaxe":1,"minecraft:wooden_axe":1,"minecraft:white_bed":1,"minecraft:torch":4},"minecraft:killed_by":{"minecraft:warden":1},"minecraft:picked_up":{"minecraft:crafting_table":3,"minecraft:cooked_beef":4,"minecraft:leather":10,"minecraft:oak_log":22,"minecraft:dirt":1,"minecraft:cooked_mutton":2,"minecraft:orange_tulip":1,"minecraft:wheat_seeds":1,"minecraft:beef":17,"l2complements:warden_bone_shard":1,"minecraft:furnace":1,"minecraft:sculk_catalyst":1,"minecraft:raw_iron":2,"l2complements:force_field":1,"minecraft:porkchop":2,"minecraft:white_bed":1,"l2complements:void_eye":1,"minecraft:mutton":11,"minecraft:coal":14,"minecraft:white_wool":10,"minecraft:cobblestone":29},"minecraft:dropped":{"l2complements:guardian_rune":1,"minecraft:orange_tulip":1,"l2complements:void_eye":1,"l2complements:piglin_rune":1,"l2complements:force_field":1,"l2complements:resonant_feather":1},"minecraft:used":{"minecraft:cooked_mutton":3,"minecraft:netherite_sword":5,"l2weaponry:axe_of_cursed_flame":2,"minecraft:stone_pickaxe":39,"minecraft:wooden_pickaxe":10,"l2weaponry:netherite_nunchaku":3,"l2weaponry:eternium_battle_axe":8,"l2complements:sculkium_sword":22,"minecraft:torch":4,"man:manfromthefog_spawn_egg":2,"minecraft:crafting_table":4,"minecraft:white_bed":1,"minecraft:campfire":1,"l2weaponry:netherite_hammer":2,"minecraft:warden_spawn_egg":2,"minecraft:wooden_axe":7,"l2weaponry:eternium_javelin":4,"l2weaponry:sculkium_hammer":1,"l2complements:totemic_apple":1,"minecraft:netherite_axe":3,"man:manfromthefogback_spawn_egg":8,"l2weaponry:claw_of_determination":1,"l2complements:enchanted_totemic_apple":5,"minecraft:stone_axe":40,"minecraft:cobblestone":5,"minecraft:furnace":2,"minecraft:enchanted_golden_apple":4},"minecraft:custom":{"minecraft:interact_with_furnace":11,"minecraft:mob_kills":43,"minecraft:interact_with_crafting_table":10,"minecraft:interact_with_campfire":6,"minecraft:leave_game":1,"minecraft:time_since_death":0,"minecraft:sleep_in_bed":1,"minecraft:damage_resisted":6240,"minecraft:time_since_rest":33,"minecraft:sprint_one_cm":73999,"minecraft:damage_taken":813,"minecraft:walk_one_cm":55615,"minecraft:drop":6,"minecraft:damage_dealt":10880,"minecraft:fly_one_cm":237608,"minecraft:crouch_one_cm":1161,"minecraft:play_time":46105,"tombstone:undead_killed":2,"minecraft:deaths":1,"minecraft:sneak_time":543,"minecraft:jump":746,"minecraft:total_world_time":46105,"minecraft:fall_one_cm":11613},"minecraft:mined":{"minecraft:white_bed":1,"minecraft:crafting_table":3,"minecraft:grass_block":1,"minecraft:tall_grass":3,"minecraft:furnace":1,"minecraft:iron_ore":2,"minecraft:orange_tulip":1,"minecraft:grass":11,"minecraft:coal_ore":14,"minecraft:oak_log":22,"minecraft:stone":29},"minecraft:killed":{"minecraft:pig":4,"minecraft:spider":1,"man:manfromthefog":2,"minecraft:sheep":17,"minecraft:zombie":2,"minecraft:chicken":2,"man:manfromthefogback":7,"minecraft:warden":1,"minecraft:cow":7}},"DataVersion":3465}