{"stats":{"minecraft:killed_by":{"minecraft:zombie_villager":1,"minecraft:skeleton":3},"minecraft:crafted":{"minecraft:oak_door":3,"minecraft:oak_planks":40,"minecraft:shield":1,"minecraft:crafting_table":1,"minecraft:stick":12,"minecraft:iron_ingot":2,"minecraft:wooden_pickaxe":1,"minecraft:cooked_chicken":5,"minecraft:stone_pickaxe":1,"minecraft:wooden_axe":1,"minecraft:stone_sword":1,"minecraft:furnace":1,"minecraft:stone_axe":1,"minecraft:air":0},"minecraft:picked_up":{"minecraft:wooden_axe":2,"minecraft:crafting_table":7,"minecraft:stick":6,"minecraft:raw_iron":8,"minecraft:feather":2,"minecraft:chicken":5,"minecraft:oak_door":2,"minecraft:wooden_pickaxe":2,"minecraft:oak_log":10,"minecraft:stone_sword":3,"minecraft:bone":3,"minecraft:stone_axe":2,"minecraft:granite":3,"minecraft:stone_pickaxe":2,"minecraft:sugar_cane":12,"minecraft:oak_planks":8,"minecraft:coal":50,"minecraft:furnace":1,"minecraft:cobblestone":72,"minecraft:egg":3},"minecraft:mined":{"minecraft:spruce_planks":1,"minecraft:furnace":1,"minecraft:oak_door":2,"minecraft:iron_ore":2,"minecraft:dark_oak_log":2,"minecraft:crafting_table":4,"minecraft:granite":1,"minecraft:oak_log":10,"minecraft:coal_ore":13,"minecraft:stone":27,"minecraft:sugar_cane":6,"minecraft:oak_leaves":6},"minecraft:custom":{"minecraft:time_since_rest":9879,"minecraft:interact_with_furnace":6,"minecraft:sprint_one_cm":81554,"minecraft:damage_taken":1070,"minecraft:walk_one_cm":21398,"minecraft:mob_kills":8,"minecraft:drop":3,"minecraft:damage_dealt":1010,"minecraft:open_chest":2,"minecraft:swim_one_cm":29633,"minecraft:interact_with_crafting_table":5,"minecraft:fly_one_cm":49367,"minecraft:crouch_one_cm":261,"minecraft:play_time":33871,"minecraft:deaths":4,"minecraft:sneak_time":411,"minecraft:walk_under_water_one_cm":6740,"minecraft:jump":307,"minecraft:leave_game":2,"minecraft:time_since_death":9806,"minecraft:walk_on_water_one_cm":7907,"minecraft:total_world_time":33871,"minecraft:fall_one_cm":7571},"minecraft:used":{"minecraft:wooden_axe":1,"minecraft:stone_sword":18,"minecraft:stone_pickaxe":39,"minecraft:oak_planks":8,"minecraft:wooden_pickaxe":5,"minecraft:cooked_chicken":3,"minecraft:oak_door":3,"minecraft:stone_axe":16,"minecraft:cobblestone":9,"minecraft:crafting_table":4,"minecraft:furnace":1,"minecraft:egg":3},"minecraft:dropped":{"minecraft:wooden_axe":1,"minecraft:granite":1,"minecraft:wooden_pickaxe":1},"minecraft:killed":{"minecraft:skeleton":2,"minecraft:chicken":5,"minecraft:zombie_villager":1}},"DataVersion":3955}